State,Subreddit
Texas,texas
California,california
New Jersey,newjersey
Michigan,michigan
Minnesota,minnesota
Colorado,colorado
Wisconsin,wisconsin
Florida,florida
Connecticut,connecticut
Oregon,oregon
Ohio,ohio
Hawaii,hawaii
North Carolina,northcarolina
Oklahoma,oklahoma
Maryland,maryland
Arizona,arizona
Virginia,virginia
Maine,maine
Indiana,indiana
Iowa,iowa
Washington,washington
New Hampshire,newhampshire
Alaska,alaska
Louisiana,louisiana
Massachusetts,massachusetts
Vermont,vermont
New York,newyork
Arkansas,arkansas
Pennsylvania,pennsylvania
Alabama,alabama
Kentucky,kentucky
South Carolina,southcarolina
Georgia,georgia
Montana,montana
Delaware,delaware
Utah,utah
Rhode Island,rhodeisland
Missouri,missouri
Tennessee,tennessee
Nebraska,nebraska
Illinois,illinois
West Virginia,westvirginia
New Mexico,newmexico
Mississippi,mississippi
Kansas,kansas
North Dakota,northdakota
Idaho,idaho
South Dakota,southdakota
Wyoming,wyoming
Nevada,nevada
